,,,,,,,BehaviorSpace results (NetLogo 6.2.0),,,,,,,,,,,,,,,,,,,,,,,,,,,,,,,,,,,,,,,,,,,,,,,,,,,,,,,,,,,,,,,,,,,,,,
,,,,,,,cw3---Locust.nlogo,,,,,,,,,,,,,,,,,,,,,,,,,,,,,,,,,,,,,,,,,,,,,,,,,,,,,,,,,,,,,,,,,,,,,,
,,,,,,,"1.F is low, L is weak",,,,,,,,,,,,,,,,,,,,,,,,,,,,,,,,,,,,,,,,,,,,,,,,,,,,,,,,,,,,,,,,,,,,,,
,,,,,,,05/10/2021 00:32:21:761 +0100,,,,,,,,,,,,,,,,,,,,,,,,,,,,,,,,,,,,,,,,,,,,,,,,,,,,,,,,,,,,,,,,,,,,,,
,,,,,,,min-pxcor,max-pxcor,min-pycor,max-pycor,,,,,,,,,,,,,,,,,,,,,,,,,,,,,,,,,,,,,,,,,,,,,,,,,,,,,,,,,,,,,,,,,,,
,,,,,,,-16,16,-16,16,,,,,,,,,,,,,,,,,,,,,,,,,,,,,,,,,,,,,,,,,,,,,,,,,,,,,,,,,,,,,,,,,,,
,,,,,,,[run number],1,1,1,1,1,1,1,2,2,2,2,2,2,2,3,3,3,3,3,3,3,4,4,4,4,4,4,4,5,5,5,5,5,5,5,6,6,6,6,6,6,6,7,7,7,7,7,7,7,8,8,8,8,8,8,8,9,9,9,9,9,9,9,10,10,10,10,10,10,10
n-patches,60,,,,,,n-patches,60,,,,,,,60,,,,,,,60,,,,,,,60,,,,,,,60,,,,,,,60,,,,,,,60,,,,,,,60,,,,,,,60,,,,,,,60,,,,,,
maximum_energy_grass,3,,,,,,maximum_energy_grass,3,,,,,,,3,,,,,,,3,,,,,,,3,,,,,,,3,,,,,,,3,,,,,,,3,,,,,,,3,,,,,,,3,,,,,,,3,,,,,,
growback_speed,0.3,,,,,,growback_speed,0.3,,,,,,,0.3,,,,,,,0.3,,,,,,,0.3,,,,,,,0.3,,,,,,,0.3,,,,,,,0.3,,,,,,,0.3,,,,,,,0.3,,,,,,,0.3,,,,,,
num_gregarious,5,,,,,,num_gregarious,5,,,,,,,5,,,,,,,5,,,,,,,5,,,,,,,5,,,,,,,5,,,,,,,5,,,,,,,5,,,,,,,5,,,,,,,5,,,,,,
initial_pop,500,,,,,,initial_pop,500,,,,,,,500,,,,,,,500,,,,,,,500,,,,,,,500,,,,,,,500,,,,,,,500,,,,,,,500,,,,,,,500,,,,,,,500,,,,,,
initial_energy_locust,3,,,,,,initial_energy_locust,3,,,,,,,3,,,,,,,3,,,,,,,3,,,,,,,3,,,,,,,3,,,,,,,3,,,,,,,3,,,,,,,3,,,,,,,3,,,,,,
move_energy,1,,,,,,move_energy,1,,,,,,,1,,,,,,,1,,,,,,,1,,,,,,,1,,,,,,,1,,,,,,,1,,,,,,,1,,,,,,,1,,,,,,,1,,,,,,
step_gregarious,2,,,,,,step_gregarious,2,,,,,,,2,,,,,,,2,,,,,,,2,,,,,,,2,,,,,,,2,,,,,,,2,,,,,,,2,,,,,,,2,,,,,,,2,,,,,,
,,,,,,,[reporter],count turtles,count turtles with [color = green],count turtles with [color = yellow],mean [energy_locust] of turtles,mean [energy_locust] of turtles with [color = green],mean [energy_locust] of turtles with [color = yellow],sum [cur_energy_grass] of patches,count turtles,count turtles with [color = green],count turtles with [color = yellow],mean [energy_locust] of turtles,mean [energy_locust] of turtles with [color = green],mean [energy_locust] of turtles with [color = yellow],sum [cur_energy_grass] of patches,count turtles,count turtles with [color = green],count turtles with [color = yellow],mean [energy_locust] of turtles,mean [energy_locust] of turtles with [color = green],mean [energy_locust] of turtles with [color = yellow],sum [cur_energy_grass] of patches,count turtles,count turtles with [color = green],count turtles with [color = yellow],mean [energy_locust] of turtles,mean [energy_locust] of turtles with [color = green],mean [energy_locust] of turtles with [color = yellow],sum [cur_energy_grass] of patches,count turtles,count turtles with [color = green],count turtles with [color = yellow],mean [energy_locust] of turtles,mean [energy_locust] of turtles with [color = green],mean [energy_locust] of turtles with [color = yellow],sum [cur_energy_grass] of patches,count turtles,count turtles with [color = green],count turtles with [color = yellow],mean [energy_locust] of turtles,mean [energy_locust] of turtles with [color = green],mean [energy_locust] of turtles with [color = yellow],sum [cur_energy_grass] of patches,count turtles,count turtles with [color = green],count turtles with [color = yellow],mean [energy_locust] of turtles,mean [energy_locust] of turtles with [color = green],mean [energy_locust] of turtles with [color = yellow],sum [cur_energy_grass] of patches,count turtles,count turtles with [color = green],count turtles with [color = yellow],mean [energy_locust] of turtles,mean [energy_locust] of turtles with [color = green],mean [energy_locust] of turtles with [color = yellow],sum [cur_energy_grass] of patches,count turtles,count turtles with [color = green],count turtles with [color = yellow],mean [energy_locust] of turtles,mean [energy_locust] of turtles with [color = green],mean [energy_locust] of turtles with [color = yellow],sum [cur_energy_grass] of patches,count turtles,count turtles with [color = green],count turtles with [color = yellow],mean [energy_locust] of turtles,mean [energy_locust] of turtles with [color = green],mean [energy_locust] of turtles with [color = yellow],sum [cur_energy_grass] of patches
,,,,,,,[final],9,9,0,6.155555556,6.155555556,<RuntimePrimitiveException>,1318.8,8,8,0,6.5,6.5,<RuntimePrimitiveException>,1278.5,12,12,0,6.9,6.9,<RuntimePrimitiveException>,1294,10,10,0,8.38,8.38,<RuntimePrimitiveException>,1292.2,9,9,0,6.777777778,6.777777778,<RuntimePrimitiveException>,1294.4,7,7,0,9.328571429,9.328571429,<RuntimePrimitiveException>,1266.8,11,11,0,7.936363636,7.936363636,<RuntimePrimitiveException>,1276.6,9,9,0,7.422222222,7.422222222,<RuntimePrimitiveException>,1247.5,5,5,0,9.14,9.14,<RuntimePrimitiveException>,1265.6,5,5,0,5.78,5.78,<RuntimePrimitiveException>,1237
,,,,,,,[min],8,8,0,1.829927007,1.807407407,1.888888889,559,7,7,0,1.743119266,1.743119266,1.192307692,524.8,12,12,0,1.996946565,1.928346457,2.133333333,551.5,10,10,0,1.877142857,1.842771084,2.059649123,526.6,9,9,0,2.077459016,2.101834862,1.3,566.3,7,7,0,1.883333333,1.869798658,1.607407407,570.4,9,9,0,1.764925373,1.764341085,1.157142857,522.3,9,9,0,1.794623656,1.794623656,0.6,535.6,5,5,0,1.769154229,1.76,0.7,555.4,5,5,0,1.724375,1.678431373,1.554545455,518.6
,,,,,,,[max],500,407,274,10.4,10.4,3.35,1349,500,404,254,8.885714286,8.885714286,3.5,1302,500,395,280,7.938461538,7.938461538,4.175,1336,500,410,258,8.73,8.73,3.5,1330,500,406,271,10.18888889,10.18888889,5.2,1321,500,413,271,9.328571429,9.328571429,3,1297,500,404,250,9.244444444,9.244444444,3,1310,500,398,266,8.276923077,8.276923077,3.018796992,1278,500,395,277,9.14,9.14,3,1289,500,400,264,6.2,6.2,3,1253
,,,,,,,[mean],50.07920792,39.68316832,10.3960396,5.9718489,5.970148698,,1213.819802,47.4950495,37.68316832,9.811881188,5.614547065,5.618179408,,1181.559406,51.37623762,40.37623762,11,5.561948677,5.563080399,,1198.451485,51.02970297,40.93069307,10.0990099,5.497591743,5.496695256,,1193.430693,50.22772277,40.71287129,9.514851485,6.03195091,6.032446366,,1190.715842,49.5049505,39.7029703,9.801980198,5.595697892,5.596983538,,1168.050495,53.01980198,43.20792079,9.811881188,5.949583213,5.951285503,,1167.260396,48.28712871,38.18811881,10.0990099,5.874103313,5.878087678,,1154.936634,49.78947368,38.78947368,11,5.191082231,5.194553654,,1169.025263,76.26785714,57.30357143,18.96428571,3.949041792,3.949853118,,1075.958929
average,,,,,,,[steps],100,100,100,100,100,100,100,100,100,100,100,100,100,100,100,100,100,100,100,100,100,100,100,100,100,100,100,100,100,100,100,100,100,100,100,100,100,100,100,100,100,100,100,100,100,100,100,100,100,100,100,100,100,100,100,100,94,94,94,94,94,94,94,55,55,55,55,55,55,55
count turtles,count turtles with [color = green],count turtles with [color = yellow],mean [energy_locust] of turtles,mean [energy_locust] of turtles with [color = green],mean [energy_locust] of turtles with [color = yellow],sum [cur_energy_grass] of patches,,,,,,,,,,,,,,,,,,,,,,,,,,,,,,,,,,,,,,,,,,,,,,,,,,,,,,,,,,,,,,,,,,,,,,,
all,soli,greg,all,soli,greg,small,[all run data],count turtles,count turtles with [color = green],count turtles with [color = yellow],mean [energy_locust] of turtles,mean [energy_locust] of turtles with [color = green],mean [energy_locust] of turtles with [color = yellow],sum [cur_energy_grass] of patches,count turtles,count turtles with [color = green],count turtles with [color = yellow],mean [energy_locust] of turtles,mean [energy_locust] of turtles with [color = green],mean [energy_locust] of turtles with [color = yellow],sum [cur_energy_grass] of patches,count turtles,count turtles with [color = green],count turtles with [color = yellow],mean [energy_locust] of turtles,mean [energy_locust] of turtles with [color = green],mean [energy_locust] of turtles with [color = yellow],sum [cur_energy_grass] of patches,count turtles,count turtles with [color = green],count turtles with [color = yellow],mean [energy_locust] of turtles,mean [energy_locust] of turtles with [color = green],mean [energy_locust] of turtles with [color = yellow],sum [cur_energy_grass] of patches,count turtles,count turtles with [color = green],count turtles with [color = yellow],mean [energy_locust] of turtles,mean [energy_locust] of turtles with [color = green],mean [energy_locust] of turtles with [color = yellow],sum [cur_energy_grass] of patches,count turtles,count turtles with [color = green],count turtles with [color = yellow],mean [energy_locust] of turtles,mean [energy_locust] of turtles with [color = green],mean [energy_locust] of turtles with [color = yellow],sum [cur_energy_grass] of patches,count turtles,count turtles with [color = green],count turtles with [color = yellow],mean [energy_locust] of turtles,mean [energy_locust] of turtles with [color = green],mean [energy_locust] of turtles with [color = yellow],sum [cur_energy_grass] of patches,count turtles,count turtles with [color = green],count turtles with [color = yellow],mean [energy_locust] of turtles,mean [energy_locust] of turtles with [color = green],mean [energy_locust] of turtles with [color = yellow],sum [cur_energy_grass] of patches,count turtles,count turtles with [color = green],count turtles with [color = yellow],mean [energy_locust] of turtles,mean [energy_locust] of turtles with [color = green],mean [energy_locust] of turtles with [color = yellow],sum [cur_energy_grass] of patches,count turtles,count turtles with [color = green],count turtles with [color = yellow],mean [energy_locust] of turtles,mean [energy_locust] of turtles with [color = green],mean [energy_locust] of turtles with [color = yellow],sum [cur_energy_grass] of patches
500,403.2,96.8,3,3,3,1306.5,,500,407,93,3,3,3,1349,500,404,96,3,3,3,1302,500,395,105,3,3,3,1336,500,410,90,3,3,3,1330,500,406,94,3,3,3,1321,500,413,87,3,3,3,1297,500,404,96,3,3,3,1310,500,398,102,3,3,3,1278,500,395,105,3,3,3,1289,500,400,100,3,3,3,1253
500,238.9,261.1,2.9668,2.992763913,2.943032371,895.55,,500,247,253,3.02,3.064777328,2.976284585,911.6,500,256,244,3.022,3.046875,2.995901639,866.6,500,220,280,2.958,3.018181818,2.910714286,928.4,500,257,243,2.99,3.011673152,2.967078189,909.7,500,229,271,2.996,2.943231441,3.040590406,895.9,500,229,271,2.93,2.973799127,2.89298893,904,500,250,250,2.9,2.936,2.864,927.8,500,234,266,3.014,3.008547009,3.018796992,847.2,500,231,269,2.944,3.038961039,2.862453532,890.8,500,236,264,2.894,2.88559322,2.901515152,873.5
500,242.3,257.7,2.6433,2.671387732,2.618264811,676.37,,500,226,274,2.7468,2.615486726,2.855109489,670.9,500,246,254,2.705,2.71097561,2.699212598,649.6,500,243,257,2.6676,2.702469136,2.63463035,691.2,500,242,258,2.6636,2.696280992,2.632945736,692,500,269,231,2.6188,2.60929368,2.62987013,700.6,500,233,267,2.6138,2.667811159,2.566666667,682.7,500,256,244,2.5906,2.6046875,2.575819672,698.6,500,244,256,2.6606,2.737295082,2.5875,644.8,500,223,277,2.6352,2.826008969,2.481588448,664.9,500,241,259,2.531,2.543568465,2.519305019,668.4
427.9,237.5,190.4,2.516003238,2.560245683,2.461441331,569.08,,428,232,196,2.630841121,2.606465517,2.659693878,568.3,426,239,187,2.581455399,2.786610879,2.319251337,553.9,434,214,220,2.52235023,2.643925234,2.404090909,577.3,437,233,204,2.489702517,2.453648069,2.530882353,582.5,424,248,176,2.52004717,2.522177419,2.517045455,587.6,419,246,173,2.526491647,2.514634146,2.543352601,578.9,424,251,173,2.535613208,2.592031873,2.453757225,566.7,432,245,187,2.467824074,2.556734694,2.351336898,554.8,429,231,198,2.462937063,2.458008658,2.468686869,573.8,426,236,190,2.422769953,2.468220339,2.366315789,547
351.6,244.7,106.9,2.440428011,2.461179247,2.396078821,543.05,,354,246,108,2.519491525,2.51504065,2.52962963,559,362,251,111,2.450276243,2.531474104,2.266666667,524.8,350,232,118,2.500571429,2.462931034,2.574576271,551.5,356,250,106,2.517696629,2.5328,2.482075472,526.6,354,261,93,2.400847458,2.381609195,2.45483871,566.3,343,253,90,2.398833819,2.361264822,2.504444444,570.4,345,235,110,2.542318841,2.585957447,2.449090909,522.3,349,248,101,2.392836676,2.493951613,2.144554455,535.6,359,253,106,2.299721448,2.320158103,2.250943396,555.4,344,218,126,2.381686047,2.426605505,2.303968254,518.6
303.7,244.6,59.1,2.207453741,2.240653555,2.06371745,556.54,,309,255,54,2.282847896,2.29254902,2.237037037,565.1,304,242,62,2.295394737,2.302066116,2.269354839,535.9,303,233,70,2.311551155,2.344635193,2.201428571,558.2,311,254,57,2.247588424,2.28976378,2.059649123,545.7,303,250,53,2.169636964,2.248,1.8,580.7,301,246,55,2.142192691,2.222764228,1.781818182,575.4,300,241,59,2.266333333,2.286721992,2.183050847,552.7,296,234,62,2.175,2.211538462,2.037096774,557,313,263,50,2.040894569,2.058935361,1.946,562.7,297,228,69,2.143097643,2.149561404,2.12173913,532
253.4,222.4,31,2.03668904,2.037582475,2.00077562,585.34,,274,227,47,1.994160584,1.952863436,2.193617021,585.1,254,236,18,2.04015748,2.061016949,1.766666667,591.6,250,214,36,2.226,2.222429907,2.247222222,580.3,263,235,28,2.093155894,2.065531915,2.325,566.4,244,218,26,2.077459016,2.101834862,1.873076923,605.1,245,218,27,2.006530612,2.055963303,1.607407407,601.4,263,226,37,2.029277567,1.992477876,2.254054054,575.7,244,213,31,2.039344262,2.06056338,1.893548387,587.9,252,221,31,1.900396825,1.912217195,1.816129032,593.2,245,216,29,1.960408163,1.950925926,2.031034483,566.7
207.9,195.7,12.2,1.917894596,1.921548841,1.821571678,624.71,,219,201,18,1.925114155,1.928358209,1.888888889,611.4,216,203,13,1.801851852,1.8408867,1.192307692,636.6,209,194,15,2.049282297,2.042783505,2.133333333,633.2,222,204,18,1.902252252,1.863235294,2.344444444,609.4,198,187,11,2.121212121,2.14973262,1.636363636,624.7,202,190,12,1.916831683,1.878947368,2.516666667,633,215,205,10,1.877209302,1.884878049,1.72,618,197,189,8,2.002538071,2.038095238,1.1625,624.4,201,195,6,1.769154229,1.76,2.066666667,643.2,200,189,11,1.8135,1.828571429,1.554545455,613.2
162.1,156.9,5.2,1.923335942,1.919066134,1.893492063,675.39,,177,174,3,1.854237288,1.850574713,2.066666667,655.2,165,161,4,1.866060606,1.877639752,1.4,673.5,165,159,6,2.027272727,2.008176101,2.533333333,693.5,175,166,9,1.877142857,1.842771084,2.511111111,655.5,156,153,3,2.223717949,2.222875817,2.266666667,671.5,156,149,7,1.883333333,1.869798658,2.171428571,687.7,166,159,7,1.863855422,1.894968553,1.157142857,673.2,150,145,5,2.118,2.142758621,1.4,674.7,151,150,1,1.795364238,1.802666667,0.7,700.1,160,153,7,1.724375,1.678431373,2.728571429,669
128.9,126.5,2.4,1.913929003,1.901645419,2.683888889,737.48,,137,135,2,1.829927007,1.807407407,3.35,719.5,127,126,1,1.851181102,1.842857143,2.9,739,131,127,4,1.996946565,1.928346457,4.175,761.4,136,132,4,1.898529412,1.877272727,2.6,720.4,127,126,1,2.187401575,2.163492063,5.2,742.1,117,117,0,2.048717949,2.048717949,<RuntimePrimitiveException>,748.9,134,129,5,1.764925373,1.764341085,1.78,738.1,126,124,2,2.030952381,2.054032258,0.6,734.9,127,125,2,1.781102362,1.7816,1.75,747.6,127,124,3,1.749606299,1.748387097,1.8,722.9
105.3,104.3,1,1.90973916,1.90537532,2.243333333,800.03,,115,113,2,1.846956522,1.845132743,1.95,772.8,109,109,0,1.743119266,1.743119266,<RuntimePrimitiveException>,793.5,105,105,0,2.021904762,2.021904762,<RuntimePrimitiveException>,825.7,106,103,3,1.994339623,1.950485437,3.5,790.8,107,106,1,2.16728972,2.166037736,2.3,807.7,101,100,1,1.988118812,1.991,1.7,812.4,107,107,0,1.808411215,1.808411215,<RuntimePrimitiveException>,799.1,108,108,0,1.89537037,1.89537037,<RuntimePrimitiveException>,794.2,96,96,0,1.852083333,1.852083333,<RuntimePrimitiveException>,815.8,99,96,3,1.77979798,1.780208333,1.766666667,788.3
85.8,85.6,0.2,1.977334395,1.973878797,3.25,860.61,,90,90,0,1.875555556,1.875555556,<RuntimePrimitiveException>,849,80,79,1,1.9075,1.887341772,3.5,860.2,80,80,0,2.34,2.34,<RuntimePrimitiveException>,880.6,91,91,0,1.941758242,1.941758242,<RuntimePrimitiveException>,860.3,91,91,0,2.237362637,2.237362637,<RuntimePrimitiveException>,864.7,87,87,0,2.067816092,2.067816092,<RuntimePrimitiveException>,861,86,86,0,1.958139535,1.958139535,<RuntimePrimitiveException>,853.9,93,93,0,1.794623656,1.794623656,<RuntimePrimitiveException>,848.9,75,75,0,1.86,1.86,<RuntimePrimitiveException>,886.2,85,84,1,1.790588235,1.776190476,3,841.3
72.1,72.1,0,2.035239107,2.035239107,#DIV/0!,919.22,,78,78,0,1.997435897,1.997435897,<RuntimePrimitiveException>,904.4,68,68,0,2.101470588,2.101470588,<RuntimePrimitiveException>,911.9,71,71,0,2.142253521,2.142253521,<RuntimePrimitiveException>,949.1,80,80,0,1.905,1.905,<RuntimePrimitiveException>,922.7,71,71,0,2.404225352,2.404225352,<RuntimePrimitiveException>,937.2,75,75,0,2.146666667,2.146666667,<RuntimePrimitiveException>,909.8,75,75,0,1.948,1.948,<RuntimePrimitiveException>,911.2,75,75,0,1.810666667,1.810666667,<RuntimePrimitiveException>,904.7,61,61,0,2.029508197,2.029508197,<RuntimePrimitiveException>,943.3,67,67,0,1.867164179,1.867164179,<RuntimePrimitiveException>,897.9
59.9,59.8,0.1,2.232319992,2.23473681,1.3,969.67,,64,64,0,2.1515625,2.1515625,<RuntimePrimitiveException>,967.7,60,60,0,2.266666667,2.266666667,<RuntimePrimitiveException>,959.8,61,61,0,2.296721311,2.296721311,<RuntimePrimitiveException>,997.5,66,66,0,2.142424242,2.142424242,<RuntimePrimitiveException>,971.1,58,57,1,2.677586207,2.701754386,1.3,992.9,66,66,0,2.387878788,2.387878788,<RuntimePrimitiveException>,943,59,59,0,2.230508475,2.230508475,<RuntimePrimitiveException>,960.8,56,56,0,1.967857143,1.967857143,<RuntimePrimitiveException>,960.9,51,51,0,2.245098039,2.245098039,<RuntimePrimitiveException>,999.4,58,58,0,1.956896552,1.956896552,<RuntimePrimitiveException>,943.6
52.9,52.9,0,2.322405524,2.322405524,#DIV/0!,1017.07,,55,55,0,2.287272727,2.287272727,<RuntimePrimitiveException>,1023.3,57,57,0,2.092982456,2.092982456,<RuntimePrimitiveException>,1010.2,54,54,0,2.425925926,2.425925926,<RuntimePrimitiveException>,1041.2,54,54,0,2.27037037,2.27037037,<RuntimePrimitiveException>,1027.8,52,52,0,2.734615385,2.734615385,<RuntimePrimitiveException>,1043.5,62,62,0,2.29516129,2.29516129,<RuntimePrimitiveException>,985,55,55,0,2.298181818,2.298181818,<RuntimePrimitiveException>,1001.6,47,47,0,2.161702128,2.161702128,<RuntimePrimitiveException>,1002.3,42,42,0,2.683333333,2.683333333,<RuntimePrimitiveException>,1045.3,51,51,0,1.974509804,1.974509804,<RuntimePrimitiveException>,990.5
45.8,45.8,0,2.512403193,2.512403193,#DIV/0!,1057.05,,49,49,0,2.385714286,2.385714286,<RuntimePrimitiveException>,1068.6,46,46,0,2.254347826,2.254347826,<RuntimePrimitiveException>,1054.3,48,48,0,2.78125,2.78125,<RuntimePrimitiveException>,1070.3,45,45,0,2.671111111,2.671111111,<RuntimePrimitiveException>,1065,49,49,0,2.612244898,2.612244898,<RuntimePrimitiveException>,1089.5,57,57,0,2.275438596,2.275438596,<RuntimePrimitiveException>,1019.5,47,47,0,2.368085106,2.368085106,<RuntimePrimitiveException>,1044.7,40,40,0,2.415,2.415,<RuntimePrimitiveException>,1044,36,36,0,3.038888889,3.038888889,<RuntimePrimitiveException>,1087.3,41,41,0,2.32195122,2.32195122,<RuntimePrimitiveException>,1027.3
40.4,40.4,0,2.766883086,2.766883086,#DIV/0!,1088.17,,40,40,0,2.8325,2.8325,<RuntimePrimitiveException>,1104.7,42,42,0,2.092857143,2.092857143,<RuntimePrimitiveException>,1096.5,46,46,0,2.858695652,2.858695652,<RuntimePrimitiveException>,1098.6,41,41,0,2.858536585,2.858536585,<RuntimePrimitiveException>,1099,43,43,0,3.06744186,3.06744186,<RuntimePrimitiveException>,1111.4,51,51,0,2.488235294,2.488235294,<RuntimePrimitiveException>,1043.3,41,41,0,3.004878049,3.004878049,<RuntimePrimitiveException>,1059.7,33,33,0,2.572727273,2.572727273,<RuntimePrimitiveException>,1087.7,34,34,0,3.132352941,3.132352941,<RuntimePrimitiveException>,1118.8,33,33,0,2.760606061,2.760606061,<RuntimePrimitiveException>,1062
37.4,37.4,0,2.953858294,2.953858294,#DIV/0!,1112.61,,38,38,0,2.915789474,2.915789474,<RuntimePrimitiveException>,1133.1,37,37,0,2.402702703,2.402702703,<RuntimePrimitiveException>,1118.2,43,43,0,3.06744186,3.06744186,<RuntimePrimitiveException>,1119,38,38,0,3.197368421,3.197368421,<RuntimePrimitiveException>,1122.3,41,41,0,3.192682927,3.192682927,<RuntimePrimitiveException>,1131.3,46,46,0,2.782608696,2.782608696,<RuntimePrimitiveException>,1064.3,39,39,0,2.88974359,2.88974359,<RuntimePrimitiveException>,1094.8,27,27,0,3.118518519,3.118518519,<RuntimePrimitiveException>,1115.3,34,34,0,3.158823529,3.158823529,<RuntimePrimitiveException>,1137.1,31,31,0,2.812903226,2.812903226,<RuntimePrimitiveException>,1090.7
33.5,33.5,0,3.126018524,3.126018524,#DIV/0!,1136.42,,32,32,0,3.153125,3.153125,<RuntimePrimitiveException>,1164.8,34,34,0,2.538235294,2.538235294,<RuntimePrimitiveException>,1138.8,39,39,0,3.253846154,3.253846154,<RuntimePrimitiveException>,1143,35,35,0,3.345714286,3.345714286,<RuntimePrimitiveException>,1146.3,35,35,0,3.991428571,3.991428571,<RuntimePrimitiveException>,1139.4,38,38,0,3.207894737,3.207894737,<RuntimePrimitiveException>,1089.4,36,36,0,2.930555556,2.930555556,<RuntimePrimitiveException>,1121.3,26,26,0,3.153846154,3.153846154,<RuntimePrimitiveException>,1139.6,31,31,0,2.909677419,2.909677419,<RuntimePrimitiveException>,1166.1,29,29,0,2.775862069,2.775862069,<RuntimePrimitiveException>,1115.5
31.3,31.3,0,3.315910884,3.315910884,#DIV/0!,1153.07,,30,30,0,3.373333333,3.373333333,<RuntimePrimitiveException>,1186.8,31,31,0,2.403225806,2.403225806,<RuntimePrimitiveException>,1162.8,37,37,0,3.613513514,3.613513514,<RuntimePrimitiveException>,1153.3,32,32,0,3.671875,3.671875,<RuntimePrimitiveException>,1162.7,32,32,0,4.071875,4.071875,<RuntimePrimitiveException>,1163.1,37,37,0,2.867567568,2.867567568,<RuntimePrimitiveException>,1121.3,34,34,0,3.485294118,3.485294118,<RuntimePrimitiveException>,1127.6,23,23,0,3.386956522,3.386956522,<RuntimePrimitiveException>,1159.9,28,28,0,2.978571429,2.978571429,<RuntimePrimitiveException>,1179.6,29,29,0,3.306896552,3.306896552,<RuntimePrimitiveException>,1113.6
29.7,29.7,0,3.478223037,3.478223037,#DIV/0!,1166.54,,29,29,0,3.462068966,3.462068966,<RuntimePrimitiveException>,1205,28,28,0,2.575,2.575,<RuntimePrimitiveException>,1175,33,33,0,4.087878788,4.087878788,<RuntimePrimitiveException>,1167.6,30,30,0,3.796666667,3.796666667,<RuntimePrimitiveException>,1182.2,29,29,0,4.134482759,4.134482759,<RuntimePrimitiveException>,1185.4,37,37,0,2.808108108,2.808108108,<RuntimePrimitiveException>,1134.9,33,33,0,3.851515152,3.851515152,<RuntimePrimitiveException>,1135.1,22,22,0,3.613636364,3.613636364,<RuntimePrimitiveException>,1172.8,27,27,0,3.166666667,3.166666667,<RuntimePrimitiveException>,1183.2,29,29,0,3.286206897,3.286206897,<RuntimePrimitiveException>,1124.2
28.4,28.4,0,3.542997583,3.542997583,#DIV/0!,1179.75,,29,29,0,3.462068966,3.462068966,<RuntimePrimitiveException>,1217.8,25,25,0,2.884,2.884,<RuntimePrimitiveException>,1187.2,32,32,0,3.903125,3.903125,<RuntimePrimitiveException>,1189.9,29,29,0,3.95862069,3.95862069,<RuntimePrimitiveException>,1193.7,26,26,0,4.353846154,4.353846154,<RuntimePrimitiveException>,1203.2,36,36,0,2.733333333,2.733333333,<RuntimePrimitiveException>,1148.3,33,33,0,3.9,3.9,<RuntimePrimitiveException>,1145.3,21,21,0,3.595238095,3.595238095,<RuntimePrimitiveException>,1189.2,26,26,0,3.273076923,3.273076923,<RuntimePrimitiveException>,1187.8,27,27,0,3.366666667,3.366666667,<RuntimePrimitiveException>,1135.1
26.4,26.4,0,3.671272122,3.671272122,#DIV/0!,1191.3,,28,28,0,3.614285714,3.614285714,<RuntimePrimitiveException>,1225.4,22,22,0,2.909090909,2.909090909,<RuntimePrimitiveException>,1205.8,30,30,0,3.666666667,3.666666667,<RuntimePrimitiveException>,1214.3,27,27,0,4.111111111,4.111111111,<RuntimePrimitiveException>,1207.2,25,25,0,4.656,4.656,<RuntimePrimitiveException>,1210.3,31,31,0,3.109677419,3.109677419,<RuntimePrimitiveException>,1158.5,31,31,0,4.229032258,4.229032258,<RuntimePrimitiveException>,1153.5,21,21,0,3.476190476,3.476190476,<RuntimePrimitiveException>,1200.4,25,25,0,3.524,3.524,<RuntimePrimitiveException>,1188.5,24,24,0,3.416666667,3.416666667,<RuntimePrimitiveException>,1149.1
24.5,24.5,0,3.887321629,3.887321629,#DIV/0!,1200.28,,27,27,0,4.151851852,4.151851852,<RuntimePrimitiveException>,1222,19,19,0,3.405263158,3.405263158,<RuntimePrimitiveException>,1214.8,28,28,0,3.817857143,3.817857143,<RuntimePrimitiveException>,1224.5,25,25,0,4.16,4.16,<RuntimePrimitiveException>,1221.4,23,23,0,5.182608696,5.182608696,<RuntimePrimitiveException>,1216.7,27,27,0,3.581481481,3.581481481,<RuntimePrimitiveException>,1168.5,30,30,0,4.093333333,4.093333333,<RuntimePrimitiveException>,1172,21,21,0,3.347619048,3.347619048,<RuntimePrimitiveException>,1207.1,23,23,0,3.469565217,3.469565217,<RuntimePrimitiveException>,1199.5,22,22,0,3.663636364,3.663636364,<RuntimePrimitiveException>,1156.3
23.6,23.6,0,3.997971984,3.997971984,#DIV/0!,1206.99,,26,26,0,4.523076923,4.523076923,<RuntimePrimitiveException>,1222,18,18,0,3.327777778,3.327777778,<RuntimePrimitiveException>,1226.8,25,25,0,4.04,4.04,<RuntimePrimitiveException>,1236.1,25,25,0,4.232,4.232,<RuntimePrimitiveException>,1226.2,22,22,0,5.495454545,5.495454545,<RuntimePrimitiveException>,1221.7,27,27,0,3.574074074,3.574074074,<RuntimePrimitiveException>,1177.9,30,30,0,4.196666667,4.196666667,<RuntimePrimitiveException>,1177.3,19,19,0,3.531578947,3.531578947,<RuntimePrimitiveException>,1213.1,22,22,0,3.4,3.4,<RuntimePrimitiveException>,1207,22,22,0,3.659090909,3.659090909,<RuntimePrimitiveException>,1161.8
22.4,22.4,0,4.196032589,4.196032589,#DIV/0!,1213.14,,25,25,0,4.608,4.608,<RuntimePrimitiveException>,1230,17,17,0,3.7,3.7,<RuntimePrimitiveException>,1229.6,24,24,0,4.129166667,4.129166667,<RuntimePrimitiveException>,1244.7,25,25,0,4.06,4.06,<RuntimePrimitiveException>,1234.9,19,19,0,6.426315789,6.426315789,<RuntimePrimitiveException>,1227.3,24,24,0,3.854166667,3.854166667,<RuntimePrimitiveException>,1188.8,30,30,0,4.243333333,4.243333333,<RuntimePrimitiveException>,1180.1,18,18,0,3.538888889,3.538888889,<RuntimePrimitiveException>,1219.1,20,20,0,3.905,3.905,<RuntimePrimitiveException>,1208.3,22,22,0,3.495454545,3.495454545,<RuntimePrimitiveException>,1168.6
20.9,20.9,0,4.455281846,4.455281846,#DIV/0!,1218.54,,23,23,0,4.77826087,4.77826087,<RuntimePrimitiveException>,1242.4,16,16,0,3.64375,3.64375,<RuntimePrimitiveException>,1238,22,22,0,4.259090909,4.259090909,<RuntimePrimitiveException>,1255.6,23,23,0,4.130434783,4.130434783,<RuntimePrimitiveException>,1244.6,19,19,0,6.184210526,6.184210526,<RuntimePrimitiveException>,1239.3,22,22,0,4.390909091,4.390909091,<RuntimePrimitiveException>,1192.1,30,30,0,4.503333333,4.503333333,<RuntimePrimitiveException>,1177.3,16,16,0,4.33125,4.33125,<RuntimePrimitiveException>,1215.1,19,19,0,4.510526316,4.510526316,<RuntimePrimitiveException>,1206.4,19,19,0,3.821052632,3.821052632,<RuntimePrimitiveException>,1174.6
20.2,20.2,0,4.647700867,4.647700867,#DIV/0!,1223.11,,22,22,0,4.986363636,4.986363636,<RuntimePrimitiveException>,1249.4,14,14,0,4.285714286,4.285714286,<RuntimePrimitiveException>,1239.3,20,20,0,4.395,4.395,<RuntimePrimitiveException>,1265.6,23,23,0,4.104347826,4.104347826,<RuntimePrimitiveException>,1249.3,19,19,0,6.221052632,6.221052632,<RuntimePrimitiveException>,1243.8,21,21,0,4.695238095,4.695238095,<RuntimePrimitiveException>,1197.9,29,29,0,4.510344828,4.510344828,<RuntimePrimitiveException>,1187.5,16,16,0,5.2,5.2,<RuntimePrimitiveException>,1204.3,19,19,0,4.268421053,4.268421053,<RuntimePrimitiveException>,1215.7,19,19,0,3.810526316,3.810526316,<RuntimePrimitiveException>,1178.3
19.6,19.6,0,4.85871836,4.85871836,#DIV/0!,1227.06,,22,22,0,4.586363636,4.586363636,<RuntimePrimitiveException>,1264.2,14,14,0,4.735714286,4.735714286,<RuntimePrimitiveException>,1236.5,20,20,0,4.795,4.795,<RuntimePrimitiveException>,1262.2,23,23,0,3.97826087,3.97826087,<RuntimePrimitiveException>,1253.8,19,19,0,6,6,<RuntimePrimitiveException>,1250.5,21,21,0,4.676190476,4.676190476,<RuntimePrimitiveException>,1203.7,27,27,0,4.722222222,4.722222222,<RuntimePrimitiveException>,1197.3,14,14,0,6.378571429,6.378571429,<RuntimePrimitiveException>,1202,17,17,0,5.041176471,5.041176471,<RuntimePrimitiveException>,1216.4,19,19,0,3.673684211,3.673684211,<RuntimePrimitiveException>,1184
18.9,18.9,0,4.800234086,4.800234086,#DIV/0!,1234.09,,20,20,0,4.34,4.34,<RuntimePrimitiveException>,1282.5,14,14,0,4.435714286,4.435714286,<RuntimePrimitiveException>,1242.4,19,19,0,4.842105263,4.842105263,<RuntimePrimitiveException>,1268,22,22,0,3.718181818,3.718181818,<RuntimePrimitiveException>,1262.8,19,19,0,6.026315789,6.026315789,<RuntimePrimitiveException>,1252.2,21,21,0,4.476190476,4.476190476,<RuntimePrimitiveException>,1212,26,26,0,4.723076923,4.723076923,<RuntimePrimitiveException>,1207.3,14,14,0,6.664285714,6.664285714,<RuntimePrimitiveException>,1202.1,17,17,0,4.741176471,4.741176471,<RuntimePrimitiveException>,1225,17,17,0,4.035294118,4.035294118,<RuntimePrimitiveException>,1186.6
18.3,18.3,0,5.035892524,5.035892524,#DIV/0!,1234.76,,20,20,0,4.695,4.695,<RuntimePrimitiveException>,1280.2,14,14,0,4.214285714,4.214285714,<RuntimePrimitiveException>,1245.9,17,17,0,5.623529412,5.623529412,<RuntimePrimitiveException>,1266.7,22,22,0,3.527272727,3.527272727,<RuntimePrimitiveException>,1266.2,19,19,0,6.605263158,6.605263158,<RuntimePrimitiveException>,1241.9,20,20,0,5.05,5.05,<RuntimePrimitiveException>,1209.9,25,25,0,5.068,5.068,<RuntimePrimitiveException>,1207.2,14,14,0,6.457142857,6.457142857,<RuntimePrimitiveException>,1209,17,17,0,4.611764706,4.611764706,<RuntimePrimitiveException>,1229.7,15,15,0,4.506666667,4.506666667,<RuntimePrimitiveException>,1190.9
17.6,17.6,0,5.134821244,5.134821244,#DIV/0!,1238.24,,20,20,0,4.915,4.915,<RuntimePrimitiveException>,1278.9,14,14,0,4.307142857,4.307142857,<RuntimePrimitiveException>,1244.4,18,18,0,5.327777778,5.327777778,<RuntimePrimitiveException>,1268.4,21,21,0,3.642857143,3.642857143,<RuntimePrimitiveException>,1265.6,19,19,0,6.647368421,6.647368421,<RuntimePrimitiveException>,1241.8,18,18,0,5.394444444,5.394444444,<RuntimePrimitiveException>,1217.9,24,24,0,5.345833333,5.345833333,<RuntimePrimitiveException>,1209.1,13,13,0,6.823076923,6.823076923,<RuntimePrimitiveException>,1214.6,16,16,0,4.30625,4.30625,<RuntimePrimitiveException>,1241,13,13,0,4.638461538,4.638461538,<RuntimePrimitiveException>,1200.7
17.5,17.5,0,5.242754731,5.242754731,#DIV/0!,1239.13,,20,20,0,4.975,4.975,<RuntimePrimitiveException>,1278.9,14,14,0,4.528571429,4.528571429,<RuntimePrimitiveException>,1242.1,18,18,0,5.472222222,5.472222222,<RuntimePrimitiveException>,1265.1,21,21,0,3.947619048,3.947619048,<RuntimePrimitiveException>,1259.3,20,20,0,6.495,6.495,<RuntimePrimitiveException>,1240.3,16,16,0,6.0375,6.0375,<RuntimePrimitiveException>,1224.1,24,24,0,5.075,5.075,<RuntimePrimitiveException>,1219.9,13,13,0,6.715384615,6.715384615,<RuntimePrimitiveException>,1219.2,16,16,0,4.68125,4.68125,<RuntimePrimitiveException>,1237.1,13,13,0,4.5,4.5,<RuntimePrimitiveException>,1205.3
17.1,17.1,0,5.406274254,5.406274254,#DIV/0!,1239.79,,20,20,0,4.665,4.665,<RuntimePrimitiveException>,1283.7,13,13,0,4.630769231,4.630769231,<RuntimePrimitiveException>,1247.8,18,18,0,5.738888889,5.738888889,<RuntimePrimitiveException>,1261.4,20,20,0,4.075,4.075,<RuntimePrimitiveException>,1259.3,20,20,0,6.85,6.85,<RuntimePrimitiveException>,1236.4,16,16,0,5.96875,5.96875,<RuntimePrimitiveException>,1231,22,22,0,5.822727273,5.822727273,<RuntimePrimitiveException>,1217.5,14,14,0,6.392857143,6.392857143,<RuntimePrimitiveException>,1219.8,16,16,0,4.86875,4.86875,<RuntimePrimitiveException>,1235.6,12,12,0,5.05,5.05,<RuntimePrimitiveException>,1205.4
16.7,16.7,0,5.482176879,5.482176879,#DIV/0!,1242.02,,18,18,0,4.916666667,4.916666667,<RuntimePrimitiveException>,1285.1,13,13,0,4.907692308,4.907692308,<RuntimePrimitiveException>,1247,18,18,0,5.544444444,5.544444444,<RuntimePrimitiveException>,1264.3,20,20,0,3.785,3.785,<RuntimePrimitiveException>,1262.9,20,20,0,6.75,6.75,<RuntimePrimitiveException>,1239.4,16,16,0,5.675,5.675,<RuntimePrimitiveException>,1239,21,21,0,6.152380952,6.152380952,<RuntimePrimitiveException>,1220.3,14,14,0,6.292857143,6.292857143,<RuntimePrimitiveException>,1222.5,16,16,0,4.825,4.825,<RuntimePrimitiveException>,1236.5,11,11,0,5.972727273,5.972727273,<RuntimePrimitiveException>,1203.2
16.5,16.5,0,5.615673637,5.615673637,#DIV/0!,1241.91,,18,18,0,5.227777778,5.227777778,<RuntimePrimitiveException>,1278.6,13,13,0,5.415384615,5.415384615,<RuntimePrimitiveException>,1243.2,17,17,0,5.947058824,5.947058824,<RuntimePrimitiveException>,1264.8,20,20,0,3.755,3.755,<RuntimePrimitiveException>,1260.4,20,20,0,6.66,6.66,<RuntimePrimitiveException>,1241.1,16,16,0,5.825,5.825,<RuntimePrimitiveException>,1240.3,20,20,0,6.395,6.395,<RuntimePrimitiveException>,1224.8,15,15,0,5.96,5.96,<RuntimePrimitiveException>,1223,15,15,0,5.353333333,5.353333333,<RuntimePrimitiveException>,1232.9,11,11,0,5.618181818,5.618181818,<RuntimePrimitiveException>,1210
16.3,16.3,0,5.635028736,5.635028736,#DIV/0!,1243.75,,18,18,0,5.061111111,5.061111111,<RuntimePrimitiveException>,1281.4,12,12,0,5.408333333,5.408333333,<RuntimePrimitiveException>,1251.2,17,17,0,5.982352941,5.982352941,<RuntimePrimitiveException>,1267.3,19,19,0,3.957894737,3.957894737,<RuntimePrimitiveException>,1257.2,20,20,0,6.715,6.715,<RuntimePrimitiveException>,1242.2,16,16,0,5.9875,5.9875,<RuntimePrimitiveException>,1238.8,21,21,0,6.071428571,6.071428571,<RuntimePrimitiveException>,1227.7,15,15,0,5.966666667,5.966666667,<RuntimePrimitiveException>,1222.5,15,15,0,5,5,<RuntimePrimitiveException>,1237.2,10,10,0,6.2,6.2,<RuntimePrimitiveException>,1212
16,16,0,5.719942147,5.719942147,#DIV/0!,1244.69,,18,18,0,4.888888889,4.888888889,<RuntimePrimitiveException>,1284.7,12,12,0,5.733333333,5.733333333,<RuntimePrimitiveException>,1248.6,16,16,0,6.29375,6.29375,<RuntimePrimitiveException>,1270.6,19,19,0,4.063157895,4.063157895,<RuntimePrimitiveException>,1253.4,19,19,0,6.873684211,6.873684211,<RuntimePrimitiveException>,1247.8,16,16,0,6.34375,6.34375,<RuntimePrimitiveException>,1233.4,21,21,0,5.923809524,5.923809524,<RuntimePrimitiveException>,1231.2,14,14,0,6.735714286,6.735714286,<RuntimePrimitiveException>,1216.7,15,15,0,4.613333333,4.613333333,<RuntimePrimitiveException>,1241.7,10,10,0,5.73,5.73,<RuntimePrimitiveException>,1218.8
15.5,15.5,0,5.815189947,5.815189947,#DIV/0!,1246.44,,17,17,0,5.064705882,5.064705882,<RuntimePrimitiveException>,1287.7,11,11,0,6.254545455,6.254545455,<RuntimePrimitiveException>,1249.8,16,16,0,6.1,6.1,<RuntimePrimitiveException>,1275.6,18,18,0,4.161111111,4.161111111,<RuntimePrimitiveException>,1255.7,18,18,0,7.338888889,7.338888889,<RuntimePrimitiveException>,1248.4,17,17,0,6.052941176,6.052941176,<RuntimePrimitiveException>,1232.7,21,21,0,5.819047619,5.819047619,<RuntimePrimitiveException>,1232.2,14,14,0,6.571428571,6.571428571,<RuntimePrimitiveException>,1218.9,13,13,0,5.569230769,5.569230769,<RuntimePrimitiveException>,1238.3,10,10,0,5.22,5.22,<RuntimePrimitiveException>,1225.1
15.4,15.4,0,5.847807955,5.847807955,#DIV/0!,1247.5,,16,16,0,5.65625,5.65625,<RuntimePrimitiveException>,1284.8,11,11,0,6.463636364,6.463636364,<RuntimePrimitiveException>,1250.8,16,16,0,6.18125,6.18125,<RuntimePrimitiveException>,1276.2,18,18,0,4.211111111,4.211111111,<RuntimePrimitiveException>,1255.6,18,18,0,7.444444444,7.444444444,<RuntimePrimitiveException>,1248.5,17,17,0,6.258823529,6.258823529,<RuntimePrimitiveException>,1229,21,21,0,5.561904762,5.561904762,<RuntimePrimitiveException>,1237.3,14,14,0,6.421428571,6.421428571,<RuntimePrimitiveException>,1221.3,13,13,0,5.269230769,5.269230769,<RuntimePrimitiveException>,1244.1,10,10,0,5.01,5.01,<RuntimePrimitiveException>,1227.4
14.8,14.8,0,6.2106542,6.2106542,#DIV/0!,1247.43,,16,16,0,5.375,5.375,<RuntimePrimitiveException>,1289.1,11,11,0,6.672727273,6.672727273,<RuntimePrimitiveException>,1251.8,16,16,0,6.84375,6.84375,<RuntimePrimitiveException>,1269,18,18,0,4.294444444,4.294444444,<RuntimePrimitiveException>,1255.6,17,17,0,7.670588235,7.670588235,<RuntimePrimitiveException>,1252.9,16,16,0,6.76875,6.76875,<RuntimePrimitiveException>,1227.3,20,20,0,5.655,5.655,<RuntimePrimitiveException>,1241.7,13,13,0,6.484615385,6.484615385,<RuntimePrimitiveException>,1227,12,12,0,6.275,6.275,<RuntimePrimitiveException>,1237.8,9,9,0,6.066666667,6.066666667,<RuntimePrimitiveException>,1222.1
14.6,14.6,0,6.17563943,6.17563943,#DIV/0!,1250.29,,16,16,0,5.1125,5.1125,<RuntimePrimitiveException>,1293.1,11,11,0,6.763636364,6.763636364,<RuntimePrimitiveException>,1253.6,16,16,0,6.6,6.6,<RuntimePrimitiveException>,1275.2,18,18,0,4.383333333,4.383333333,<RuntimePrimitiveException>,1255.8,17,17,0,7.411764706,7.411764706,<RuntimePrimitiveException>,1258.3,16,16,0,6.84375,6.84375,<RuntimePrimitiveException>,1228.6,17,17,0,6.688235294,6.688235294,<RuntimePrimitiveException>,1245.2,14,14,0,6.064285714,6.064285714,<RuntimePrimitiveException>,1228.1,12,12,0,6.2,6.2,<RuntimePrimitiveException>,1240.1,9,9,0,5.688888889,5.688888889,<RuntimePrimitiveException>,1224.9
14.1,14.1,0,6.196193871,6.196193871,#DIV/0!,1253.59,,15,15,0,5.606666667,5.606666667,<RuntimePrimitiveException>,1291.3,11,11,0,6.509090909,6.509090909,<RuntimePrimitiveException>,1258.2,15,15,0,6.626666667,6.626666667,<RuntimePrimitiveException>,1282.3,15,15,0,5.233333333,5.233333333,<RuntimePrimitiveException>,1259.9,17,17,0,7.370588235,7.370588235,<RuntimePrimitiveException>,1260.2,16,16,0,6.425,6.425,<RuntimePrimitiveException>,1236.3,17,17,0,6.623529412,6.623529412,<RuntimePrimitiveException>,1249.9,14,14,0,5.964285714,5.964285714,<RuntimePrimitiveException>,1229.5,12,12,0,6.158333333,6.158333333,<RuntimePrimitiveException>,1241.8,9,9,0,5.444444444,5.444444444,<RuntimePrimitiveException>,1226.5
13.5,13.5,0,6.389685498,6.389685498,#DIV/0!,1255.58,,14,14,0,5.892857143,5.892857143,<RuntimePrimitiveException>,1292.9,11,11,0,6.627272727,6.627272727,<RuntimePrimitiveException>,1258.9,15,15,0,6.266666667,6.266666667,<RuntimePrimitiveException>,1287.9,13,13,0,6.069230769,6.069230769,<RuntimePrimitiveException>,1264.5,17,17,0,6.764705882,6.764705882,<RuntimePrimitiveException>,1267.4,16,16,0,5.88125,5.88125,<RuntimePrimitiveException>,1244.8,16,16,0,7.6,7.6,<RuntimePrimitiveException>,1244.3,13,13,0,6.761538462,6.761538462,<RuntimePrimitiveException>,1225.4,12,12,0,6.233333333,6.233333333,<RuntimePrimitiveException>,1241.6,8,8,0,5.8,5.8,<RuntimePrimitiveException>,1228.1
13.8,13.8,0,6.20897278,6.20897278,#DIV/0!,1257.63,,14,14,0,5.335714286,5.335714286,<RuntimePrimitiveException>,1301,11,11,0,6.654545455,6.654545455,<RuntimePrimitiveException>,1260.6,16,16,0,6.2375,6.2375,<RuntimePrimitiveException>,1283.5,13,13,0,6.192307692,6.192307692,<RuntimePrimitiveException>,1267.8,17,17,0,6.347058824,6.347058824,<RuntimePrimitiveException>,1271.4,16,16,0,5.80625,5.80625,<RuntimePrimitiveException>,1246.4,17,17,0,6.976470588,6.976470588,<RuntimePrimitiveException>,1251,14,14,0,6.535714286,6.535714286,<RuntimePrimitiveException>,1224.8,12,12,0,6.366666667,6.366666667,<RuntimePrimitiveException>,1240.9,8,8,0,5.6375,5.6375,<RuntimePrimitiveException>,1228.9
13.7,13.7,0,6.175914918,6.175914918,#DIV/0!,1259.31,,14,14,0,5.385714286,5.385714286,<RuntimePrimitiveException>,1300.2,11,11,0,6.463636364,6.463636364,<RuntimePrimitiveException>,1263.4,16,16,0,5.9625,5.9625,<RuntimePrimitiveException>,1287.6,13,13,0,6.253846154,6.253846154,<RuntimePrimitiveException>,1271.2,16,16,0,6.425,6.425,<RuntimePrimitiveException>,1274,16,16,0,5.6375,5.6375,<RuntimePrimitiveException>,1250.2,17,17,0,6.8,6.8,<RuntimePrimitiveException>,1254.5,14,14,0,6.364285714,6.364285714,<RuntimePrimitiveException>,1228.5,12,12,0,6.966666667,6.966666667,<RuntimePrimitiveException>,1235,8,8,0,5.5,5.5,<RuntimePrimitiveException>,1228.5
13.6,13.6,0,6.033981465,6.033981465,#DIV/0!,1261.66,,13,13,0,5.538461538,5.538461538,<RuntimePrimitiveException>,1303.6,11,11,0,6.272727273,6.272727273,<RuntimePrimitiveException>,1265.8,16,16,0,6.13125,6.13125,<RuntimePrimitiveException>,1283.9,13,13,0,5.969230769,5.969230769,<RuntimePrimitiveException>,1277.7,15,15,0,6.573333333,6.573333333,<RuntimePrimitiveException>,1276.2,16,16,0,5.25625,5.25625,<RuntimePrimitiveException>,1256.3,17,17,0,6.582352941,6.582352941,<RuntimePrimitiveException>,1258.4,14,14,0,6.464285714,6.464285714,<RuntimePrimitiveException>,1227.8,13,13,0,6.476923077,6.476923077,<RuntimePrimitiveException>,1236.7,8,8,0,5.075,5.075,<RuntimePrimitiveException>,1230.2
13,13,0,6.378703463,6.378703463,#DIV/0!,1260.53,,12,12,0,6.35,6.35,<RuntimePrimitiveException>,1300.2,11,11,0,5.727272727,5.727272727,<RuntimePrimitiveException>,1272,15,15,0,6.84,6.84,<RuntimePrimitiveException>,1279.7,12,12,0,7.341666667,7.341666667,<RuntimePrimitiveException>,1269.6,15,15,0,6.273333333,6.273333333,<RuntimePrimitiveException>,1278.6,15,15,0,5.433333333,5.433333333,<RuntimePrimitiveException>,1257.3,16,16,0,7.2,7.2,<RuntimePrimitiveException>,1255.3,14,14,0,6.55,6.55,<RuntimePrimitiveException>,1226,13,13,0,6.7,6.7,<RuntimePrimitiveException>,1235.2,7,7,0,5.371428571,5.371428571,<RuntimePrimitiveException>,1231.4
13.1,13.1,0,6.182836712,6.182836712,#DIV/0!,1261.84,,12,12,0,6.275,6.275,<RuntimePrimitiveException>,1301,11,11,0,5.618181818,5.618181818,<RuntimePrimitiveException>,1273.2,15,15,0,6.813333333,6.813333333,<RuntimePrimitiveException>,1280.5,12,12,0,6.808333333,6.808333333,<RuntimePrimitiveException>,1277.6,15,15,0,6.2,6.2,<RuntimePrimitiveException>,1277.4,15,15,0,5.406666667,5.406666667,<RuntimePrimitiveException>,1255.3,17,17,0,6.970588235,6.970588235,<RuntimePrimitiveException>,1254,14,14,0,6.471428571,6.471428571,<RuntimePrimitiveException>,1226.7,13,13,0,6.607692308,6.607692308,<RuntimePrimitiveException>,1237.2,7,7,0,4.657142857,4.657142857,<RuntimePrimitiveException>,1235.5
12.6,12.6,0,6.447146603,6.447146603,#DIV/0!,1261.55,,11,11,0,6.736363636,6.736363636,<RuntimePrimitiveException>,1303.1,11,11,0,5.627272727,5.627272727,<RuntimePrimitiveException>,1272.4,14,14,0,7.128571429,7.128571429,<RuntimePrimitiveException>,1282.7,12,12,0,6.8,6.8,<RuntimePrimitiveException>,1279.3,16,16,0,6.1625,6.1625,<RuntimePrimitiveException>,1270.4,14,14,0,5.757142857,5.757142857,<RuntimePrimitiveException>,1253.4,16,16,0,7.175,7.175,<RuntimePrimitiveException>,1255.6,13,13,0,6.7,6.7,<RuntimePrimitiveException>,1229.4,13,13,0,6.984615385,6.984615385,<RuntimePrimitiveException>,1234.5,6,6,0,5.4,5.4,<RuntimePrimitiveException>,1234.7
13,13,0,6.407971191,6.407971191,#DIV/0!,1259.62,,12,12,0,6.133333333,6.133333333,<RuntimePrimitiveException>,1305.8,11,11,0,5.954545455,5.954545455,<RuntimePrimitiveException>,1268.2,15,15,0,6.66,6.66,<RuntimePrimitiveException>,1283.5,12,12,0,6.791666667,6.791666667,<RuntimePrimitiveException>,1280.4,16,16,0,6.1625,6.1625,<RuntimePrimitiveException>,1268.3,14,14,0,6.164285714,6.164285714,<RuntimePrimitiveException>,1246.2,17,17,0,7.352941176,7.352941176,<RuntimePrimitiveException>,1246.5,14,14,0,6.464285714,6.464285714,<RuntimePrimitiveException>,1227.4,13,13,0,6.946153846,6.946153846,<RuntimePrimitiveException>,1236.2,6,6,0,5.45,5.45,<RuntimePrimitiveException>,1233.7
12.8,12.8,0,6.716059497,6.716059497,#DIV/0!,1256.89,,12,12,0,6.383333333,6.383333333,<RuntimePrimitiveException>,1303,10,10,0,7.24,7.24,<RuntimePrimitiveException>,1261.6,15,15,0,6.866666667,6.866666667,<RuntimePrimitiveException>,1279.2,12,12,0,6.933333333,6.933333333,<RuntimePrimitiveException>,1279.7,16,16,0,6.18125,6.18125,<RuntimePrimitiveException>,1266.5,14,14,0,6.257142857,6.257142857,<RuntimePrimitiveException>,1244.4,17,17,0,7.441176471,7.441176471,<RuntimePrimitiveException>,1244.7,13,13,0,7.384615385,7.384615385,<RuntimePrimitiveException>,1221.2,13,13,0,7.223076923,7.223076923,<RuntimePrimitiveException>,1234.3,6,6,0,5.25,5.25,<RuntimePrimitiveException>,1234.3
12.9,12.9,0,6.756229733,6.756229733,#DIV/0!,1256.17,,12,12,0,6.35,6.35,<RuntimePrimitiveException>,1303.8,10,10,0,7.09,7.09,<RuntimePrimitiveException>,1263.2,14,14,0,7.092857143,7.092857143,<RuntimePrimitiveException>,1282.1,12,12,0,7.258333333,7.258333333,<RuntimePrimitiveException>,1276.7,16,16,0,5.94375,5.94375,<RuntimePrimitiveException>,1268,14,14,0,6.128571429,6.128571429,<RuntimePrimitiveException>,1245.5,19,19,0,7.352631579,7.352631579,<RuntimePrimitiveException>,1233.9,13,13,0,7.430769231,7.430769231,<RuntimePrimitiveException>,1221.5,13,13,0,7.415384615,7.415384615,<RuntimePrimitiveException>,1234.1,6,6,0,5.5,5.5,<RuntimePrimitiveException>,1232.9
12.8,12.8,0,6.843810592,6.843810592,#DIV/0!,1255.98,,12,12,0,7.141666667,7.141666667,<RuntimePrimitiveException>,1295.8,10,10,0,7.01,7.01,<RuntimePrimitiveException>,1263.7,14,14,0,7.321428571,7.321428571,<RuntimePrimitiveException>,1280.1,12,12,0,7.275,7.275,<RuntimePrimitiveException>,1278,16,16,0,5.70625,5.70625,<RuntimePrimitiveException>,1269.5,14,14,0,6.45,6.45,<RuntimePrimitiveException>,1241.8,18,18,0,7.355555556,7.355555556,<RuntimePrimitiveException>,1239.9,13,13,0,7.776923077,7.776923077,<RuntimePrimitiveException>,1218.6,13,13,0,7.484615385,7.484615385,<RuntimePrimitiveException>,1235.9,6,6,0,4.916666667,4.916666667,<RuntimePrimitiveException>,1236.5
12.8,12.8,0,6.754324342,6.754324342,#DIV/0!,1257.7,,12,12,0,7.508333333,7.508333333,<RuntimePrimitiveException>,1293.7,11,11,0,6.427272727,6.427272727,<RuntimePrimitiveException>,1264,15,15,0,7.02,7.02,<RuntimePrimitiveException>,1278,12,12,0,6.741666667,6.741666667,<RuntimePrimitiveException>,1285.2,15,15,0,5.8,5.8,<RuntimePrimitiveException>,1272.5,14,14,0,5.985714286,5.985714286,<RuntimePrimitiveException>,1247.8,18,18,0,7.383333333,7.383333333,<RuntimePrimitiveException>,1238.4,13,13,0,7.176923077,7.176923077,<RuntimePrimitiveException>,1227.7,12,12,0,8.533333333,8.533333333,<RuntimePrimitiveException>,1233.6,6,6,0,4.966666667,4.966666667,<RuntimePrimitiveException>,1236.1
12.9,12.9,0,6.790542195,6.790542195,#DIV/0!,1257.64,,12,12,0,7.35,7.35,<RuntimePrimitiveException>,1297.4,11,11,0,6.327272727,6.327272727,<RuntimePrimitiveException>,1264.6,16,16,0,6.725,6.725,<RuntimePrimitiveException>,1275.7,13,13,0,6.269230769,6.269230769,<RuntimePrimitiveException>,1286.1,14,14,0,6.571428571,6.571428571,<RuntimePrimitiveException>,1267.6,14,14,0,6.15,6.15,<RuntimePrimitiveException>,1245.1,19,19,0,7.342105263,7.342105263,<RuntimePrimitiveException>,1234.1,13,13,0,7.015384615,7.015384615,<RuntimePrimitiveException>,1230,12,12,0,8.375,8.375,<RuntimePrimitiveException>,1238.8,5,5,0,5.78,5.78,<RuntimePrimitiveException>,1237
13.77777778,13.77777778,0,6.80143944,6.80143944,#DIV/0!,1262.022222,,12,12,0,7.158333333,7.158333333,<RuntimePrimitiveException>,1301.1,11,11,0,6.336363636,6.336363636,<RuntimePrimitiveException>,1263.6,16,16,0,6.45625,6.45625,<RuntimePrimitiveException>,1278.7,13,13,0,6.123076923,6.123076923,<RuntimePrimitiveException>,1287.1,14,14,0,6.507142857,6.507142857,<RuntimePrimitiveException>,1269,14,14,0,5.928571429,5.928571429,<RuntimePrimitiveException>,1247.5,20,20,0,7.02,7.02,<RuntimePrimitiveException>,1235.8,13,13,0,7.292307692,7.292307692,<RuntimePrimitiveException>,1226.5,11,11,0,8.390909091,8.390909091,<RuntimePrimitiveException>,1248.9,,,,,,,
13.88888889,13.88888889,0,6.657869527,6.657869527,#DIV/0!,1263.755556,,12,12,0,7.216666667,7.216666667,<RuntimePrimitiveException>,1301.7,11,11,0,6.509090909,6.509090909,<RuntimePrimitiveException>,1261.8,17,17,0,6.105882353,6.105882353,<RuntimePrimitiveException>,1277.9,13,13,0,6.223076923,6.223076923,<RuntimePrimitiveException>,1284,14,14,0,6.564285714,6.564285714,<RuntimePrimitiveException>,1268.6,14,14,0,5.578571429,5.578571429,<RuntimePrimitiveException>,1250.9,20,20,0,6.675,6.675,<RuntimePrimitiveException>,1243.2,13,13,0,7.084615385,7.084615385,<RuntimePrimitiveException>,1230.1,11,11,0,7.963636364,7.963636364,<RuntimePrimitiveException>,1255.6,,,,,,,
13.66666667,13.66666667,0,6.680785491,6.680785491,#DIV/0!,1264.588889,,12,12,0,6.725,6.725,<RuntimePrimitiveException>,1307.4,11,11,0,6.345454545,6.345454545,<RuntimePrimitiveException>,1263.5,17,17,0,6,6,<RuntimePrimitiveException>,1277.2,11,11,0,7.472727273,7.472727273,<RuntimePrimitiveException>,1282,14,14,0,6.514285714,6.514285714,<RuntimePrimitiveException>,1270.4,14,14,0,5.75,5.75,<RuntimePrimitiveException>,1247.9,19,19,0,6.789473684,6.789473684,<RuntimePrimitiveException>,1247,13,13,0,7.538461538,7.538461538,<RuntimePrimitiveException>,1225.6,12,12,0,6.991666667,6.991666667,<RuntimePrimitiveException>,1260.3,,,,,,,
13.22222222,13.22222222,0,6.884822215,6.884822215,#DIV/0!,1265.344444,,10,10,0,8.41,8.41,<RuntimePrimitiveException>,1305.8,11,11,0,6.618181818,6.618181818,<RuntimePrimitiveException>,1261.3,15,15,0,6.586666667,6.586666667,<RuntimePrimitiveException>,1278.4,11,11,0,7.472727273,7.472727273,<RuntimePrimitiveException>,1283.9,14,14,0,6.378571429,6.378571429,<RuntimePrimitiveException>,1272.5,14,14,0,5.685714286,5.685714286,<RuntimePrimitiveException>,1248.2,18,18,0,7.05,7.05,<RuntimePrimitiveException>,1249.3,13,13,0,7.192307692,7.192307692,<RuntimePrimitiveException>,1230.8,13,13,0,6.569230769,6.569230769,<RuntimePrimitiveException>,1257.9,,,,,,,
12.88888889,12.88888889,0,6.987704764,6.987704764,#DIV/0!,1266.388889,,10,10,0,8.01,8.01,<RuntimePrimitiveException>,1312.4,11,11,0,7.045454545,7.045454545,<RuntimePrimitiveException>,1258.3,14,14,0,6.978571429,6.978571429,<RuntimePrimitiveException>,1279.2,11,11,0,7.090909091,7.090909091,<RuntimePrimitiveException>,1289.9,14,14,0,6.507142857,6.507142857,<RuntimePrimitiveException>,1271.5,13,13,0,6.123076923,6.123076923,<RuntimePrimitiveException>,1248.2,18,18,0,6.977777778,6.977777778,<RuntimePrimitiveException>,1249.7,13,13,0,7.623076923,7.623076923,<RuntimePrimitiveException>,1226,12,12,0,6.533333333,6.533333333,<RuntimePrimitiveException>,1262.3,,,,,,,
12.88888889,12.88888889,0,6.984394124,6.984394124,#DIV/0!,1267.077778,,10,10,0,7.94,7.94,<RuntimePrimitiveException>,1315.7,11,11,0,6.918181818,6.918181818,<RuntimePrimitiveException>,1261.2,14,14,0,6.892857143,6.892857143,<RuntimePrimitiveException>,1280.7,11,11,0,7.463636364,7.463636364,<RuntimePrimitiveException>,1289.4,14,14,0,6.5,6.5,<RuntimePrimitiveException>,1273,13,13,0,5.892307692,5.892307692,<RuntimePrimitiveException>,1251.2,18,18,0,7.033333333,7.033333333,<RuntimePrimitiveException>,1247,13,13,0,7.769230769,7.769230769,<RuntimePrimitiveException>,1224.6,12,12,0,6.45,6.45,<RuntimePrimitiveException>,1260.9,,,,,,,
12.66666667,12.66666667,0,7.025199615,7.025199615,#DIV/0!,1268.411111,,10,10,0,7.59,7.59,<RuntimePrimitiveException>,1320.8,11,11,0,7.372727273,7.372727273,<RuntimePrimitiveException>,1258.6,13,13,0,7.938461538,7.938461538,<RuntimePrimitiveException>,1275.4,11,11,0,7.154545455,7.154545455,<RuntimePrimitiveException>,1293.8,14,14,0,6.842857143,6.842857143,<RuntimePrimitiveException>,1269.8,12,12,0,6,6,<RuntimePrimitiveException>,1255.7,18,18,0,6.733333333,6.733333333,<RuntimePrimitiveException>,1249.6,13,13,0,7.561538462,7.561538462,<RuntimePrimitiveException>,1228,12,12,0,6.033333333,6.033333333,<RuntimePrimitiveException>,1264,,,,,,,
12.44444444,12.44444444,0,6.928595119,6.928595119,#DIV/0!,1270.744444,,10,10,0,7.41,7.41,<RuntimePrimitiveException>,1322.6,11,11,0,6.772727273,6.772727273,<RuntimePrimitiveException>,1266.5,13,13,0,7.784615385,7.784615385,<RuntimePrimitiveException>,1279.6,11,11,0,7.263636364,7.263636364,<RuntimePrimitiveException>,1292.8,14,14,0,6.457142857,6.457142857,<RuntimePrimitiveException>,1275.7,11,11,0,6.109090909,6.109090909,<RuntimePrimitiveException>,1259.5,17,17,0,6.694117647,6.694117647,<RuntimePrimitiveException>,1253.8,13,13,0,8.207692308,8.207692308,<RuntimePrimitiveException>,1221.2,12,12,0,5.658333333,5.658333333,<RuntimePrimitiveException>,1265,,,,,,,
12.22222222,12.22222222,0,6.892798452,6.892798452,#DIV/0!,1272.477778,,10,10,0,7.64,7.64,<RuntimePrimitiveException>,1320.3,10,10,0,6.75,6.75,<RuntimePrimitiveException>,1272.5,14,14,0,6.964285714,6.964285714,<RuntimePrimitiveException>,1285.9,11,11,0,6.981818182,6.981818182,<RuntimePrimitiveException>,1296.1,13,13,0,6.807692308,6.807692308,<RuntimePrimitiveException>,1278.2,11,11,0,6.590909091,6.590909091,<RuntimePrimitiveException>,1254.8,16,16,0,7.03125,7.03125,<RuntimePrimitiveException>,1253.7,13,13,0,8.069230769,8.069230769,<RuntimePrimitiveException>,1225.3,12,12,0,5.2,5.2,<RuntimePrimitiveException>,1265.5,,,,,,,
12.44444444,12.44444444,0,6.668922096,6.668922096,#DIV/0!,1273.722222,,10,10,0,7.57,7.57,<RuntimePrimitiveException>,1320.7,10,10,0,6.97,6.97,<RuntimePrimitiveException>,1271.8,14,14,0,6.878571429,6.878571429,<RuntimePrimitiveException>,1286.8,12,12,0,6.433333333,6.433333333,<RuntimePrimitiveException>,1295.2,13,13,0,6.546153846,6.546153846,<RuntimePrimitiveException>,1281.4,11,11,0,6.845454545,6.845454545,<RuntimePrimitiveException>,1253.1,16,16,0,6.8375,6.8375,<RuntimePrimitiveException>,1256.6,14,14,0,7.464285714,7.464285714,<RuntimePrimitiveException>,1228.8,12,12,0,4.475,4.475,<RuntimePrimitiveException>,1269.1,,,,,,,
12.55555556,12.55555556,0,6.64520979,6.64520979,#DIV/0!,1273.533333,,9,9,0,8.2,8.2,<RuntimePrimitiveException>,1322.1,10,10,0,6.86,6.86,<RuntimePrimitiveException>,1273.7,15,15,0,6.46,6.46,<RuntimePrimitiveException>,1286.7,13,13,0,6.161538462,6.161538462,<RuntimePrimitiveException>,1291.6,15,15,0,6.093333333,6.093333333,<RuntimePrimitiveException>,1276.8,11,11,0,6.627272727,6.627272727,<RuntimePrimitiveException>,1256,15,15,0,7.24,7.24,<RuntimePrimitiveException>,1256.4,13,13,0,8.023076923,8.023076923,<RuntimePrimitiveException>,1229.8,12,12,0,4.141666667,4.141666667,<RuntimePrimitiveException>,1268.7,,,,,,,
12,12,0,6.852744539,6.852744539,#DIV/0!,1273.4,,9,9,0,8.144444444,8.144444444,<RuntimePrimitiveException>,1321.6,10,10,0,6.68,6.68,<RuntimePrimitiveException>,1275.4,15,15,0,6.213333333,6.213333333,<RuntimePrimitiveException>,1289,13,13,0,6.2,6.2,<RuntimePrimitiveException>,1289,14,14,0,6.3,6.3,<RuntimePrimitiveException>,1277.3,10,10,0,7.49,7.49,<RuntimePrimitiveException>,1254.3,14,14,0,7.5,7.5,<RuntimePrimitiveException>,1260.1,13,13,0,8.276923077,8.276923077,<RuntimePrimitiveException>,1228.1,10,10,0,4.87,4.87,<RuntimePrimitiveException>,1265.8,,,,,,,
11.55555556,11.55555556,0,6.895846561,6.895846561,#DIV/0!,1274.566667,,9,9,0,8.211111111,8.211111111,<RuntimePrimitiveException>,1319.9,9,9,0,6.922222222,6.922222222,<RuntimePrimitiveException>,1278.9,14,14,0,6.314285714,6.314285714,<RuntimePrimitiveException>,1292.4,12,12,0,6.383333333,6.383333333,<RuntimePrimitiveException>,1291,12,12,0,6.908333333,6.908333333,<RuntimePrimitiveException>,1279.8,10,10,0,6.85,6.85,<RuntimePrimitiveException>,1260.3,15,15,0,7.673333333,7.673333333,<RuntimePrimitiveException>,1252.2,13,13,0,7.7,7.7,<RuntimePrimitiveException>,1235.1,10,10,0,5.1,5.1,<RuntimePrimitiveException>,1261.5,,,,,,,
11.22222222,11.22222222,0,6.978516607,6.978516607,#DIV/0!,1274.922222,,9,9,0,8.955555556,8.955555556,<RuntimePrimitiveException>,1312.3,9,9,0,7.333333333,7.333333333,<RuntimePrimitiveException>,1274.3,13,13,0,6.507692308,6.507692308,<RuntimePrimitiveException>,1295.8,12,12,0,6.491666667,6.491666667,<RuntimePrimitiveException>,1288.7,11,11,0,7.518181818,7.518181818,<RuntimePrimitiveException>,1278.7,10,10,0,6.36,6.36,<RuntimePrimitiveException>,1263.9,14,14,0,7.657142857,7.657142857,<RuntimePrimitiveException>,1259.7,13,13,0,7.623076923,7.623076923,<RuntimePrimitiveException>,1235.4,10,10,0,4.36,4.36,<RuntimePrimitiveException>,1265.5,,,,,,,
11,11,0,7.114090354,7.114090354,#DIV/0!,1274.411111,,9,9,0,8.711111111,8.711111111,<RuntimePrimitiveException>,1313.9,9,9,0,8.188888889,8.188888889,<RuntimePrimitiveException>,1266.6,12,12,0,6.891666667,6.891666667,<RuntimePrimitiveException>,1298.2,12,12,0,6.158333333,6.158333333,<RuntimePrimitiveException>,1290,10,10,0,8.98,8.98,<RuntimePrimitiveException>,1272.3,10,10,0,5.79,5.79,<RuntimePrimitiveException>,1267.2,14,14,0,7.671428571,7.671428571,<RuntimePrimitiveException>,1259.6,13,13,0,7.515384615,7.515384615,<RuntimePrimitiveException>,1236.5,10,10,0,4.12,4.12,<RuntimePrimitiveException>,1265.4,,,,,,,
11,11,0,6.935269977,6.935269977,#DIV/0!,1275.2,,9,9,0,8.4,8.4,<RuntimePrimitiveException>,1315.3,9,9,0,7.511111111,7.511111111,<RuntimePrimitiveException>,1272.7,12,12,0,6.5,6.5,<RuntimePrimitiveException>,1300.9,12,12,0,5.675,5.675,<RuntimePrimitiveException>,1292.6,10,10,0,8.3,8.3,<RuntimePrimitiveException>,1279.7,10,10,0,6.17,6.17,<RuntimePrimitiveException>,1261.9,14,14,0,7.642857143,7.642857143,<RuntimePrimitiveException>,1259.8,13,13,0,7.638461538,7.638461538,<RuntimePrimitiveException>,1234.7,10,10,0,4.58,4.58,<RuntimePrimitiveException>,1259.2,,,,,,,
10.88888889,10.88888889,0,7.033339438,7.033339438,#DIV/0!,1274.644444,,9,9,0,8.4,8.4,<RuntimePrimitiveException>,1314.8,8,8,0,7.675,7.675,<RuntimePrimitiveException>,1277.7,12,12,0,6.991666667,6.991666667,<RuntimePrimitiveException>,1294,12,12,0,5.858333333,5.858333333,<RuntimePrimitiveException>,1289.4,10,10,0,8.48,8.48,<RuntimePrimitiveException>,1279.1,10,10,0,6.37,6.37,<RuntimePrimitiveException>,1258.9,14,14,0,7.564285714,7.564285714,<RuntimePrimitiveException>,1261.1,13,13,0,7.330769231,7.330769231,<RuntimePrimitiveException>,1238.7,10,10,0,4.63,4.63,<RuntimePrimitiveException>,1258.1,,,,,,,
10.77777778,10.77777778,0,7.188302469,7.188302469,#DIV/0!,1274.255556,,10,10,0,8.09,8.09,<RuntimePrimitiveException>,1311.2,8,8,0,6.8375,6.8375,<RuntimePrimitiveException>,1282.6,12,12,0,6.833333333,6.833333333,<RuntimePrimitiveException>,1294.4,12,12,0,6.358333333,6.358333333,<RuntimePrimitiveException>,1285.5,9,9,0,9.722222222,9.722222222,<RuntimePrimitiveException>,1278.2,9,9,0,7.233333333,7.233333333,<RuntimePrimitiveException>,1257.7,15,15,0,7.16,7.16,<RuntimePrimitiveException>,1260.5,12,12,0,7.5,7.5,<RuntimePrimitiveException>,1242.9,10,10,0,4.96,4.96,<RuntimePrimitiveException>,1255.3,,,,,,,
10.77777778,10.77777778,0,7.098128507,7.098128507,#DIV/0!,1274.833333,,10,10,0,7.95,7.95,<RuntimePrimitiveException>,1312.6,8,8,0,6.8625,6.8625,<RuntimePrimitiveException>,1280.6,12,12,0,6.941666667,6.941666667,<RuntimePrimitiveException>,1291.8,12,12,0,6.55,6.55,<RuntimePrimitiveException>,1284,10,10,0,9.05,9.05,<RuntimePrimitiveException>,1278.9,9,9,0,7.344444444,7.344444444,<RuntimePrimitiveException>,1258.6,15,15,0,6.98,6.98,<RuntimePrimitiveException>,1261.6,11,11,0,7.554545455,7.554545455,<RuntimePrimitiveException>,1247.7,10,10,0,4.65,4.65,<RuntimePrimitiveException>,1257.7,,,,,,,
10.66666667,10.66666667,0,7.413526936,7.413526936,#DIV/0!,1272.722222,,10,10,0,7.96,7.96,<RuntimePrimitiveException>,1313.2,8,8,0,7.4,7.4,<RuntimePrimitiveException>,1275.1,12,12,0,7.291666667,7.291666667,<RuntimePrimitiveException>,1286.7,11,11,0,7.690909091,7.690909091,<RuntimePrimitiveException>,1278.8,10,10,0,8.68,8.68,<RuntimePrimitiveException>,1283.2,8,8,0,8.4875,8.4875,<RuntimePrimitiveException>,1258.9,15,15,0,7.053333333,7.053333333,<RuntimePrimitiveException>,1259.9,12,12,0,7.258333333,7.258333333,<RuntimePrimitiveException>,1243.7,10,10,0,4.9,4.9,<RuntimePrimitiveException>,1255,,,,,,,
10.44444444,10.44444444,0,7.324338624,7.324338624,#DIV/0!,1275.144444,,10,10,0,7.98,7.98,<RuntimePrimitiveException>,1314,8,8,0,7.0125,7.0125,<RuntimePrimitiveException>,1277.5,12,12,0,6.825,6.825,<RuntimePrimitiveException>,1291,10,10,0,8.03,8.03,<RuntimePrimitiveException>,1283.8,10,10,0,9.21,9.21,<RuntimePrimitiveException>,1278,8,8,0,8.1875,8.1875,<RuntimePrimitiveException>,1264.2,14,14,0,7.135714286,7.135714286,<RuntimePrimitiveException>,1265.3,12,12,0,6.758333333,6.758333333,<RuntimePrimitiveException>,1246.8,10,10,0,4.78,4.78,<RuntimePrimitiveException>,1255.7,,,,,,,
9.888888889,9.888888889,0,7.570864876,7.570864876,#DIV/0!,1276.933333,,9,9,0,8.788888889,8.788888889,<RuntimePrimitiveException>,1315.3,7,7,0,7.857142857,7.857142857,<RuntimePrimitiveException>,1278.2,12,12,0,6.866666667,6.866666667,<RuntimePrimitiveException>,1289.7,10,10,0,7.28,7.28,<RuntimePrimitiveException>,1291.7,9,9,0,10.18888889,10.18888889,<RuntimePrimitiveException>,1278.8,9,9,0,7.555555556,7.555555556,<RuntimePrimitiveException>,1264.7,13,13,0,7.292307692,7.292307692,<RuntimePrimitiveException>,1269.8,12,12,0,6.558333333,6.558333333,<RuntimePrimitiveException>,1246.3,8,8,0,5.75,5.75,<RuntimePrimitiveException>,1257.9,,,,,,,
10.22222222,10.22222222,0,7.497563424,7.497563424,#DIV/0!,1275.788889,,9,9,0,9.444444444,9.444444444,<RuntimePrimitiveException>,1311.1,7,7,0,8.085714286,8.085714286,<RuntimePrimitiveException>,1277.7,14,14,0,6.407142857,6.407142857,<RuntimePrimitiveException>,1285.3,10,10,0,7.13,7.13,<RuntimePrimitiveException>,1293.5,10,10,0,9.43,9.43,<RuntimePrimitiveException>,1279.4,9,9,0,7,7,<RuntimePrimitiveException>,1269.2,13,13,0,7.730769231,7.730769231,<RuntimePrimitiveException>,1263.7,12,12,0,6.975,6.975,<RuntimePrimitiveException>,1239.6,8,8,0,5.275,5.275,<RuntimePrimitiveException>,1262.6,,,,,,,
10,10,0,7.584528188,7.584528188,#DIV/0!,1277.033333,,8,8,0,10.4,10.4,<RuntimePrimitiveException>,1314.6,7,7,0,8.514285714,8.514285714,<RuntimePrimitiveException>,1275.4,13,13,0,6.507692308,6.507692308,<RuntimePrimitiveException>,1289.5,10,10,0,7.07,7.07,<RuntimePrimitiveException>,1293.7,11,11,0,8.745454545,8.745454545,<RuntimePrimitiveException>,1280.9,9,9,0,7.022222222,7.022222222,<RuntimePrimitiveException>,1268,13,13,0,7.315384615,7.315384615,<RuntimePrimitiveException>,1268,12,12,0,7.1,7.1,<RuntimePrimitiveException>,1236.6,7,7,0,5.585714286,5.585714286,<RuntimePrimitiveException>,1266.6,,,,,,,
9.888888889,9.888888889,0,7.731176231,7.731176231,#DIV/0!,1276.577778,,8,8,0,10.225,10.225,<RuntimePrimitiveException>,1318,7,7,0,8.885714286,8.885714286,<RuntimePrimitiveException>,1273.6,12,12,0,7.366666667,7.366666667,<RuntimePrimitiveException>,1285.9,10,10,0,6.9,6.9,<RuntimePrimitiveException>,1295,12,12,0,8.108333333,8.108333333,<RuntimePrimitiveException>,1281.1,9,9,0,7.133333333,7.133333333,<RuntimePrimitiveException>,1266.3,13,13,0,7.661538462,7.661538462,<RuntimePrimitiveException>,1263,12,12,0,6.816666667,6.816666667,<RuntimePrimitiveException>,1238.3,6,6,0,6.483333333,6.483333333,<RuntimePrimitiveException>,1268,,,,,,,
10.11111111,10.11111111,0,7.525344255,7.525344255,#DIV/0!,1277.633333,,8,8,0,10,10,<RuntimePrimitiveException>,1321.1,8,8,0,8.4125,8.4125,<RuntimePrimitiveException>,1270.5,13,13,0,7.253846154,7.253846154,<RuntimePrimitiveException>,1282.5,10,10,0,7.05,7.05,<RuntimePrimitiveException>,1294,12,12,0,7.625,7.625,<RuntimePrimitiveException>,1287,9,9,0,6.477777778,6.477777778,<RuntimePrimitiveException>,1271,13,13,0,7.292307692,7.292307692,<RuntimePrimitiveException>,1267.2,12,12,0,6.783333333,6.783333333,<RuntimePrimitiveException>,1237.8,6,6,0,6.833333333,6.833333333,<RuntimePrimitiveException>,1267.6,,,,,,,
10.11111111,10.11111111,0,7.687210351,7.687210351,#DIV/0!,1276.044444,,8,8,0,10,10,<RuntimePrimitiveException>,1321.8,8,8,0,8.1125,8.1125,<RuntimePrimitiveException>,1272.5,13,13,0,7.323076923,7.323076923,<RuntimePrimitiveException>,1282.7,10,10,0,7.31,7.31,<RuntimePrimitiveException>,1292.1,12,12,0,7.733333333,7.733333333,<RuntimePrimitiveException>,1283.9,9,9,0,6.311111111,6.311111111,<RuntimePrimitiveException>,1271.6,13,13,0,7.961538462,7.961538462,<RuntimePrimitiveException>,1258.7,12,12,0,6.75,6.75,<RuntimePrimitiveException>,1238,6,6,0,7.683333333,7.683333333,<RuntimePrimitiveException>,1263.1,,,,,,,
10.22222222,10.22222222,0,7.575524691,7.575524691,#DIV/0!,1276.633333,,8,8,0,9.6625,9.6625,<RuntimePrimitiveException>,1324.3,8,8,0,8.025,8.025,<RuntimePrimitiveException>,1273.1,13,13,0,7.230769231,7.230769231,<RuntimePrimitiveException>,1284.3,10,10,0,7.47,7.47,<RuntimePrimitiveException>,1290.9,13,13,0,7.084615385,7.084615385,<RuntimePrimitiveException>,1283.9,9,9,0,6.522222222,6.522222222,<RuntimePrimitiveException>,1269.1,13,13,0,8.284615385,8.284615385,<RuntimePrimitiveException>,1255.9,12,12,0,6.05,6.05,<RuntimePrimitiveException>,1245.6,6,6,0,7.85,7.85,<RuntimePrimitiveException>,1262.6,,,,,,,
10.22222222,10.22222222,0,7.600239113,7.600239113,#DIV/0!,1276.844444,,8,8,0,10.0125,10.0125,<RuntimePrimitiveException>,1321.4,8,8,0,7.9375,7.9375,<RuntimePrimitiveException>,1274.2,13,13,0,6.792307692,6.792307692,<RuntimePrimitiveException>,1290.1,10,10,0,8.15,8.15,<RuntimePrimitiveException>,1285.2,13,13,0,6.846153846,6.846153846,<RuntimePrimitiveException>,1285.1,8,8,0,7.4625,7.4625,<RuntimePrimitiveException>,1267.7,14,14,0,7.642857143,7.642857143,<RuntimePrimitiveException>,1258.4,12,12,0,5.991666667,5.991666667,<RuntimePrimitiveException>,1245.2,6,6,0,7.566666667,7.566666667,<RuntimePrimitiveException>,1264.3,,,,,,,
10.11111111,10.11111111,0,7.569568395,7.569568395,#DIV/0!,1277.522222,,8,8,0,9.9625,9.9625,<RuntimePrimitiveException>,1321.7,8,8,0,8.2875,8.2875,<RuntimePrimitiveException>,1271.8,13,13,0,6.638461538,6.638461538,<RuntimePrimitiveException>,1290.9,10,10,0,8.4,8.4,<RuntimePrimitiveException>,1284.3,13,13,0,6.392307692,6.392307692,<RuntimePrimitiveException>,1289.6,8,8,0,7.375,7.375,<RuntimePrimitiveException>,1268.7,14,14,0,7.664285714,7.664285714,<RuntimePrimitiveException>,1257.9,11,11,0,6.172727273,6.172727273,<RuntimePrimitiveException>,1246.6,6,6,0,7.233333333,7.233333333,<RuntimePrimitiveException>,1266.2,,,,,,,
9.888888889,9.888888889,0,7.799127508,7.799127508,#DIV/0!,1276.677778,,9,9,0,8.811111111,8.811111111,<RuntimePrimitiveException>,1322.9,8,8,0,8.6875,8.6875,<RuntimePrimitiveException>,1269.5,13,13,0,6.707692308,6.707692308,<RuntimePrimitiveException>,1288.9,10,10,0,8.73,8.73,<RuntimePrimitiveException>,1283.3,11,11,0,7.363636364,7.363636364,<RuntimePrimitiveException>,1290.3,7,7,0,8.514285714,8.514285714,<RuntimePrimitiveException>,1267.7,14,14,0,7.714285714,7.714285714,<RuntimePrimitiveException>,1257.6,11,11,0,6.263636364,6.263636364,<RuntimePrimitiveException>,1244.6,6,6,0,7.4,7.4,<RuntimePrimitiveException>,1265.3,,,,,,,
9.888888889,9.888888889,0,7.587080204,7.587080204,#DIV/0!,1278.355556,,9,9,0,8.311111111,8.311111111,<RuntimePrimitiveException>,1325.6,8,8,0,7.85,7.85,<RuntimePrimitiveException>,1276.2,13,13,0,7.138461538,7.138461538,<RuntimePrimitiveException>,1282.8,11,11,0,7.872727273,7.872727273,<RuntimePrimitiveException>,1287,11,11,0,7.145454545,7.145454545,<RuntimePrimitiveException>,1292.7,7,7,0,8.4,8.4,<RuntimePrimitiveException>,1269.3,13,13,0,8.153846154,8.153846154,<RuntimePrimitiveException>,1260.6,11,11,0,6.345454545,6.345454545,<RuntimePrimitiveException>,1243.1,6,6,0,7.066666667,7.066666667,<RuntimePrimitiveException>,1267.9,,,,,,,
9.888888889,9.888888889,0,7.700223295,7.700223295,#DIV/0!,1277.922222,,9,9,0,8.5,8.5,<RuntimePrimitiveException>,1321.8,8,8,0,7.675,7.675,<RuntimePrimitiveException>,1277,13,13,0,6.915384615,6.915384615,<RuntimePrimitiveException>,1286.4,11,11,0,7.918181818,7.918181818,<RuntimePrimitiveException>,1287.2,12,12,0,6.6,6.6,<RuntimePrimitiveException>,1291.9,7,7,0,8.528571429,8.528571429,<RuntimePrimitiveException>,1269.3,13,13,0,7.861538462,7.861538462,<RuntimePrimitiveException>,1266.1,10,10,0,7.52,7.52,<RuntimePrimitiveException>,1236.7,6,6,0,7.783333333,7.783333333,<RuntimePrimitiveException>,1264.9,,,,,,,
9.777777778,9.777777778,0,7.602108632,7.602108632,#DIV/0!,1279.288889,,9,9,0,8.6,8.6,<RuntimePrimitiveException>,1318.9,8,8,0,7.65,7.65,<RuntimePrimitiveException>,1276.4,13,13,0,6.515384615,6.515384615,<RuntimePrimitiveException>,1291.2,12,12,0,7.416666667,7.416666667,<RuntimePrimitiveException>,1287.3,11,11,0,7.054545455,7.054545455,<RuntimePrimitiveException>,1290.5,7,7,0,8.085714286,8.085714286,<RuntimePrimitiveException>,1272.6,12,12,0,8.233333333,8.233333333,<RuntimePrimitiveException>,1270.2,10,10,0,7.03,7.03,<RuntimePrimitiveException>,1240.5,6,6,0,7.833333333,7.833333333,<RuntimePrimitiveException>,1266,,,,,,,
9.777777778,9.777777778,0,7.576207435,7.576207435,#DIV/0!,1279.622222,,9,9,0,8.166666667,8.166666667,<RuntimePrimitiveException>,1320.7,8,8,0,7.6,7.6,<RuntimePrimitiveException>,1275.7,13,13,0,6.307692308,6.307692308,<RuntimePrimitiveException>,1294.6,12,12,0,7.4,7.4,<RuntimePrimitiveException>,1286.9,12,12,0,6.35,6.35,<RuntimePrimitiveException>,1289.7,7,7,0,8.414285714,8.414285714,<RuntimePrimitiveException>,1271,12,12,0,8.175,8.175,<RuntimePrimitiveException>,1271.9,9,9,0,7.888888889,7.888888889,<RuntimePrimitiveException>,1240.1,6,6,0,7.883333333,7.883333333,<RuntimePrimitiveException>,1266,,,,,,,
9.888888889,9.888888889,0,7.298711165,7.298711165,#DIV/0!,1281.077778,,9,9,0,7.522222222,7.522222222,<RuntimePrimitiveException>,1324.3,8,8,0,6.975,6.975,<RuntimePrimitiveException>,1279.1,13,13,0,6.261538462,6.261538462,<RuntimePrimitiveException>,1294.2,12,12,0,7.283333333,7.283333333,<RuntimePrimitiveException>,1287.8,12,12,0,5.958333333,5.958333333,<RuntimePrimitiveException>,1291,7,7,0,8.728571429,8.728571429,<RuntimePrimitiveException>,1270.3,13,13,0,7.553846154,7.553846154,<RuntimePrimitiveException>,1273.9,9,9,0,7.855555556,7.855555556,<RuntimePrimitiveException>,1241.4,6,6,0,7.55,7.55,<RuntimePrimitiveException>,1267.7,,,,,,,
9.666666667,9.666666667,0,7.24921156,7.24921156,#DIV/0!,1281.488889,,9,9,0,7.033333333,7.033333333,<RuntimePrimitiveException>,1326.4,8,8,0,6.95,6.95,<RuntimePrimitiveException>,1277.9,13,13,0,6.169230769,6.169230769,<RuntimePrimitiveException>,1293.9,11,11,0,8.018181818,8.018181818,<RuntimePrimitiveException>,1286.8,10,10,0,6.94,6.94,<RuntimePrimitiveException>,1290.6,8,8,0,7.7625,7.7625,<RuntimePrimitiveException>,1269.9,13,13,0,7.330769231,7.330769231,<RuntimePrimitiveException>,1276.8,9,9,0,7.688888889,7.688888889,<RuntimePrimitiveException>,1243.6,6,6,0,7.35,7.35,<RuntimePrimitiveException>,1267.5,,,,,,,
9.777777778,9.777777778,0,7.220973841,7.220973841,#DIV/0!,1280.444444,,10,10,0,6.59,6.59,<RuntimePrimitiveException>,1323,8,8,0,7.05,7.05,<RuntimePrimitiveException>,1276.4,13,13,0,6.538461538,6.538461538,<RuntimePrimitiveException>,1287.9,11,11,0,8.063636364,8.063636364,<RuntimePrimitiveException>,1286.8,10,10,0,6.53,6.53,<RuntimePrimitiveException>,1293.5,8,8,0,7.55,7.55,<RuntimePrimitiveException>,1270.6,13,13,0,7.2,7.2,<RuntimePrimitiveException>,1277.5,9,9,0,7.8,7.8,<RuntimePrimitiveException>,1243.3,6,6,0,7.666666667,7.666666667,<RuntimePrimitiveException>,1265,,,,,,,
9.555555556,9.555555556,0,7.36126349,7.36126349,#DIV/0!,1280.8,,10,10,0,6.52,6.52,<RuntimePrimitiveException>,1320.6,8,8,0,6.925,6.925,<RuntimePrimitiveException>,1277.2,13,13,0,6.253846154,6.253846154,<RuntimePrimitiveException>,1290,11,11,0,7.963636364,7.963636364,<RuntimePrimitiveException>,1287.7,10,10,0,6.56,6.56,<RuntimePrimitiveException>,1291.9,8,8,0,7.925,7.925,<RuntimePrimitiveException>,1267.3,12,12,0,7.241666667,7.241666667,<RuntimePrimitiveException>,1282.1,9,9,0,7.722222222,7.722222222,<RuntimePrimitiveException>,1244.8,5,5,0,9.14,9.14,<RuntimePrimitiveException>,1265.6,,,,,,,
9.875,9.875,0,7.269882444,7.269882444,#DIV/0!,1282.7625,,10,10,0,6.21,6.21,<RuntimePrimitiveException>,1320.7,8,8,0,7.5375,7.5375,<RuntimePrimitiveException>,1272.5,13,13,0,6.507692308,6.507692308,<RuntimePrimitiveException>,1286.3,11,11,0,8.063636364,8.063636364,<RuntimePrimitiveException>,1286.8,10,10,0,6.46,6.46,<RuntimePrimitiveException>,1292.1,7,7,0,8.242857143,8.242857143,<RuntimePrimitiveException>,1272.5,11,11,0,7.381818182,7.381818182,<RuntimePrimitiveException>,1285.9,9,9,0,7.755555556,7.755555556,<RuntimePrimitiveException>,1245.3,,,,,,,,,,,,,,
9.625,9.625,0,7.438438922,7.438438922,#DIV/0!,1282.6125,,10,10,0,6.42,6.42,<RuntimePrimitiveException>,1315.5,8,8,0,7.15,7.15,<RuntimePrimitiveException>,1274.7,13,13,0,6.453846154,6.453846154,<RuntimePrimitiveException>,1287.8,11,11,0,8.136363636,8.136363636,<RuntimePrimitiveException>,1286.2,10,10,0,6.56,6.56,<RuntimePrimitiveException>,1291.3,7,7,0,8.242857143,8.242857143,<RuntimePrimitiveException>,1273.1,9,9,0,9.244444444,9.244444444,<RuntimePrimitiveException>,1282.9,9,9,0,7.3,7.3,<RuntimePrimitiveException>,1249.4,,,,,,,,,,,,,,
9.875,9.875,0,7.322465278,7.322465278,#DIV/0!,1281.7,,10,10,0,6.21,6.21,<RuntimePrimitiveException>,1314.5,8,8,0,7.225,7.225,<RuntimePrimitiveException>,1273.7,13,13,0,6.5,6.5,<RuntimePrimitiveException>,1288,12,12,0,7.591666667,7.591666667,<RuntimePrimitiveException>,1286.6,10,10,0,6.81,6.81,<RuntimePrimitiveException>,1288.7,8,8,0,7.8875,7.8875,<RuntimePrimitiveException>,1269.7,9,9,0,8.888888889,8.888888889,<RuntimePrimitiveException>,1284.7,9,9,0,7.466666667,7.466666667,<RuntimePrimitiveException>,1247.7,,,,,,,,,,,,,,
9.625,9.625,0,7.414513889,7.414513889,#DIV/0!,1282.1,,10,10,0,6.43,6.43,<RuntimePrimitiveException>,1310.4,8,8,0,7,7,<RuntimePrimitiveException>,1275.5,12,12,0,6.575,6.575,<RuntimePrimitiveException>,1294.7,12,12,0,7.216666667,7.216666667,<RuntimePrimitiveException>,1289.9,9,9,0,7.577777778,7.577777778,<RuntimePrimitiveException>,1288.6,8,8,0,8.05,8.05,<RuntimePrimitiveException>,1268.4,9,9,0,9.177777778,9.177777778,<RuntimePrimitiveException>,1281,9,9,0,7.288888889,7.288888889,<RuntimePrimitiveException>,1248.3,,,,,,,,,,,,,,
9.5,9.5,0,7.627809343,7.627809343,#DIV/0!,1280.775,,9,9,0,6.833333333,6.833333333,<RuntimePrimitiveException>,1313,8,8,0,7.0875,7.0875,<RuntimePrimitiveException>,1274.9,12,12,0,6.925,6.925,<RuntimePrimitiveException>,1292.2,11,11,0,7.536363636,7.536363636,<RuntimePrimitiveException>,1292,9,9,0,7.422222222,7.422222222,<RuntimePrimitiveException>,1289.7,8,8,0,8.4125,8.4125,<RuntimePrimitiveException>,1265.6,10,10,0,8.85,8.85,<RuntimePrimitiveException>,1275.9,9,9,0,7.955555556,7.955555556,<RuntimePrimitiveException>,1242.9,,,,,,,,,,,,,,
9.375,9.375,0,7.425061328,7.425061328,#DIV/0!,1283.6,,9,9,0,6.155555556,6.155555556,<RuntimePrimitiveException>,1318.8,8,8,0,6.5,6.5,<RuntimePrimitiveException>,1278.5,12,12,0,6.9,6.9,<RuntimePrimitiveException>,1294,10,10,0,8.38,8.38,<RuntimePrimitiveException>,1292.2,9,9,0,6.777777778,6.777777778,<RuntimePrimitiveException>,1294.4,7,7,0,9.328571429,9.328571429,<RuntimePrimitiveException>,1266.8,11,11,0,7.936363636,7.936363636,<RuntimePrimitiveException>,1276.6,9,9,0,7.422222222,7.422222222,<RuntimePrimitiveException>,1247.5,,,,,,,,,,,,,,